{"cameraMode":{"drawMode":0,"name":"Shaded","section":"Shading Mode"},"sceneLighting":true,"audioPlay":false,"sceneViewState":{"m_AlwaysRefresh":false,"showFog":true,"showSkybox":true,"showFlares":true,"showImageEffects":true,"showParticleSystems":true,"showVisualEffectGraphs":true,"m_FxEnabled":true},"in2DMode":false,"pivot":{"x":-0.2640337347984314,"y":-1.1167383193969727,"z":-0.11337661743164063},"rotation":{"x":0.16425232589244843,"y":-8.085087599418728e-10,"z":-6.773590022213227e-11,"w":0.9864185452461243},"size":11.820367813110352,"orthographic":false}